gene_id	gene_symbol	transcript_id	annotation	length	strand	n_exons	P_sites_sum	RNA_sites	Ribo_cov_aver	RNA_cov_aver	category	ORF_id_tr	start_pos	stop_pos	annotated_start	annotated_stop	ORF_id_gen	ORF_length	ORF_reads_ribo	ORF_reads_rna	ORF_P_sites	ORF_Psit_pct_in_frame	ORF_RNA_sites	ORF_RNAsit_pct_in_frame	ORF_pval_multi_ribo	ORF_pval_multi_rna	ORF_spec_multi_ribo	ORF_spec_multi_rna	ORF_id_tr_annotated	n_exons_ORF	pct_region_covered_ribo	pct_covered_onlymulti_ribo	pct_region_covered_rna	pct_covered_onlymulti_rna	Method	header_tofasta	ORF_pept
AT1G01030	no_name	AT1G01030.1	protein_coding	1905	-	2	464	228	7.63097112860892	11.6236220472441	ORFs_ccds	AT1G01030.1_614_1688	614	1688	614	1693	1_11866_12939	1074	470	176	410	0.873170731707317	164	0.329268292682927	2.43997626863531e-11	0.022021214646989	6.42961401983528	0.372959419084552	AT1G01030.1_614_1693	1	0.9832246	0	1	0	max_P_sites	AT1G01030.1_614_1688:AT1G01030:max_P_sites:protein_coding:ORFs_ccds:410:36.3454456584449:6.42961401983528	MDLSLAPTTTTSSDQEQDRDQELTSNIGASSSSGPSGNNNNLPMMMIPPPEKEHMFDKVVTPSDVGKLNRLVIPKQHAERYFPLDSSNNQNGTLLNFQDRNGKMWRFRYSYWNSSQSYVMTKGWSRFVKEKKLDAGDIVSFQRGIGDESERSKLYIDWRHRPDMSLVQAHQFGNFGFNFNFPTTSQYSNRFHPLPEYNSVPIHRGLNIGNHQRSYYNTQRQEFVGYGYGNLAGRCYYTGSPLDHRNIVGSEPLVIDSVPVVPGRLTPVMLPPLPPPPSTAGKRLRLFGVNMECGNDYNQQEESWLVPRGEIGASSSSSSALRLNLSTDHDDDNDDGDDGDDDQFAKKGKSSLSLNFNP
AT1G01030	no_name	AT1G01030.2	protein_coding	1836	-	3	445	213	7.62418300653595	11.2979302832244	ORFs_ccds	AT1G01030.2_614_1619	614	1619	614	1624	1_11866_12939	1005	456	178	391	0.867007672634271	149	0.315436241610738	2.67609929574386e-09	0.0665404867185024	6.34456051636978	0.370537579851704	AT1G01030.2_614_1624	2	0.982071670916335	0	1	0	max_P_sites	AT1G01030.2_614_1619:AT1G01030:max_P_sites:protein_coding:ORFs_ccds:391:36.3454456584449:6.34456051636978	MDLSLAPTTTTSSDQEQDRDQELTSNIGASSSSGPSGNNNNLPMMMIPPPEKEHMFDKVVTPSDVGKLNRLVIPKQHAERYFPLDSSNNQNGTLLNFQDRNGKMWRFRYSYWNSSQSYVMTKGWSRFVKEKKLDAGDIVSFQRGIGDESERSKLYIDWRHRPDMSLVQAHQFEYNSVPIHRGLNIGNHQRSYYNTQRQEFVGYGYGNLAGRCYYTGSPLDHRNIVGSEPLVIDSVPVVPGRLTPVMLPPLPPPPSTAGKRLRLFGVNMECGNDYNQQEESWLVPRGEIGASSSSSSALRLNLSTDHDDDNDDGDDGDDDQFAKKGKSSLSLNFNP
AT1G01220	no_name	AT1G01220.1	protein_coding	3596	+	8	5928	2123	50.0970522803115	58.8100667408231	ORFs_ccds	AT1G01220.1_300_3465	300	3465	300	3470	1_91750_95551	3165	6757	2399	5831	0.886640370433888	1995	0.36140350877193	1.64919980996799e-19	0.0447701314840382	337.394777242215	1.85662307322348	AT1G01220.1_300_3470	7	0.998736576595073	0	1	0	max_P_sites	AT1G01220.1_300_3465:AT1G01220:max_P_sites:protein_coding:ORFs_ccds:5831:204.707230895261:337.394777242215	MSKQRKKADLATVLRKSWYHLRLSVRHPTRVPTWDAIVLTAASPEQAELYDWQLRRAKRMGRIASSTVTLAVPDPDGKRIGSGAATLNAIYALARHYEKLGFDLGPEMEVANGACKWVRFISAKHVLMLHAGGDSKRVPWANPMGKVFLPLPYLAADDPDGPVPLLFDHILAIASCARQAFQDQGGLFIMTGDVLPCFDAFKMTLPEDAASIVTVPITLDIASNHGVIVTSKSESLAESYTVSLVNDLLQKPTVEDLVKKDAILHDGRTLLDTGIISARGRAWSDLVALGCSCQPMILELIGSKKEMSLYEDLVAAWVPSRHDWLRTRPLGELLVNSLGRQKMYSYCTYDLQFLHFGTSSEVLDHLSGDASGIVGRRHLCSIPATTVSDIAASSVILSSEIAPGVSIGEDSLIYDSTVSGAVQIGSQSIVVGIHIPSEDLGTPESFRFMLPDRHCLWEVPLVGHKGRVIVYCGLHDNPKNSIHKDGTFCGKPLEKVLFDLGIEESDLWSSYVAQDRCLWNAKLFPILTYSEMLKLASWLMGLDDSRNKEKIKLWRSSQRVSLEELHGSINFPEMCNGSSNHQADLAGGIAKACMNYGMLGRNLSQLCHEILQKESLGLEICKNFLDQCPKFQEQNSKILPKSRAYQVEVDLLRACGDEAKAIELEHKVWGAVAEETASAVRYGFREHLLESSGKSHSENHISHPDRVFQPRRTKVELPVRVDFVGGWSDTPPWSLERAGYVLNMAITLEGSLPIGTIIETTNQMGISIQDDAGNELHIEDPISIKTPFEVNDPFRLVKSALLVTGIVQENFVDSTGLAIKTWANVPRGSGLGTSSILAAAVVKGLLQISNGDESNENIARLVLVLEQLMGTGGGWQDQIGGLYPGIKFTSSFPGIPMRLQVVPLLASPQLISELEQRLLVVFTGQVRLAHQVLHKVVTRYLQRDNLLISSIKRLTELAKSGREALMNCEVDEVGDIMSEAWRLHQELDPYCSNEFVDKLFEFSQPYSSGFKLVGAGGGGFSLILAKDAEKAKELRQRLEEHAEFDVKVYNWSICI
AT1G01220	no_name	AT1G01220.2	protein_coding	3862	+	6	5938	2140	46.7107716209218	55.0095805282237	ORFs_ccds	AT1G01220.2_1133_3731	1133	3731	1133	3736	1_92583_95551	2598	5696	1948	4981	0.888576591045975	1682	0.366825208085612	4.79268519512131e-20	0.018452748635878	301.412440249173	1.92225971479955	AT1G01220.2_1133_3736	5	0.998460942670258	0	1	0	max_P_sites	AT1G01220.2_1133_3731:AT1G01220:max_P_sites:protein_coding:ORFs_ccds:4981:204.707230895261:301.412440249173	MTGDVLPCFDAFKMTLPEDAASIVTVPITLDIASNHGVIVTSKSESLAESYTVSLVNDLLQKPTVEDLVKKDAILHDGRTLLDTGIISARGRAWSDLVALGCSCQPMILELIGSKKEMSLYEDLVAAWVPSRHDWLRTRPLGELLVNSLGRQKMYSYCTYDLQFLHFGTSSEVLDHLSGDASGIVGRRHLCSIPATTVSDIAASSVILSSEIAPGVSIGEDSLIYDSTVSGAVQIGSQSIVVGIHIPSEDLGTPESFRFMLPDRHCLWEVPLVGHKGRVIVYCGLHDNPKNSIHKDGTFCGKPLEKVLFDLGIEESDLWSSYVAQDRCLWNAKLFPILTYSEMLKLASWLMGLDDSRNKEKIKLWRSSQRVSLEELHGSINFPEMCNGSSNHQADLAGGIAKACMNYGMLGRNLSQLCHEILQKESLGLEICKNFLDQCPKFQEQNSKILPKSRAYQVEVDLLRACGDEAKAIELEHKVWGAVAEETASAVRYGFREHLLESSGKSHSENHISHPDRVFQPRRTKVELPVRVDFVGGWSDTPPWSLERAGYVLNMAITLEGSLPIGTIIETTNQMGISIQDDAGNELHIEDPISIKTPFEVNDPFRLVKSALLVTGIVQENFVDSTGLAIKTWANVPRGSGLGTSSILAAAVVKGLLQISNGDESNENIARLVLVLEQLMGTGGGWQDQIGGLYPGIKFTSSFPGIPMRLQVVPLLASPQLISELEQRLLVVFTGQVRLAHQVLHKVVTRYLQRDNLLISSIKRLTELAKSGREALMNCEVDEVGDIMSEAWRLHQELDPYCSNEFVDKLFEFSQPYSSGFKLVGAGGGGFSLILAKDAEKAKELRQRLEEHAEFDVKVYNWSICI
AT1G01220	no_name	AT1G01220.2	protein_coding	3862	+	6	5938	2140	46.7107716209218	55.0095805282237	ORFs_ccds	AT1G01220.2_300_642	300	642	1133	3736	1_91750_92093	342	557	296	497	0.881287726358149	207	0.304347826086957	1.93139606580055e-07	0.00607767537846288	42.6298973516551	0.764516217442352	AT1G01220.2_1133_3736	1	1	0	1	0	max_P_sites	AT1G01220.2_300_642:AT1G01220:max_P_sites:protein_coding:ORFs_ccds:497:117.860892588613:42.6298973516551	MSKQRKKADLATVLRKSWYHLRLSVRHPTRVPTWDAIVLTAASPEQAELYDWQLRRAKRMGRIASSTVTLAVPDPDGKRIGSGAATLNAIYALARHYEKLGFDLGPEVNIVLTG
AT1G01220	no_name	AT1G01220.2	protein_coding	3862	+	6	5938	2140	46.7107716209218	55.0095805282237	ORFs_ccds	AT1G01220.2_820_1075	820	1075	1133	3736	1_92270_92526	255	457	154	342	0.871345029239766	115	0.4	1.14992269454366e-06	0.0453048973238249	28.9770419255949	0.688876870662453	AT1G01220.2_1133_3736	1	0.9257812	0	1	0	max_P_sites	AT1G01220.2_820_1075:AT1G01220:max_P_sites:protein_coding:ORFs_ccds:342:72.5307551892944:28.9770419255949	MEVANGACKWVRFISAKHVLMLHAGGDSKRVPWANPMGKVFLPLPYLAADDPDGPVPLLFDHILAIASCARQAFQDQGDILFLAM
AT1G01220	no_name	AT1G01220.3	protein_coding	3795	+	7	5938	2131	47.531488801054	55.900395256917	ORFs_ccds	AT1G01220.3_820_3664	820	3664	796	3669	1_92270_95551	2844	6204	2104	5343	0.887329215796369	1792	0.369419642857143	8.24900071941322e-20	0.0142479477089085	321.431288776709	1.85046122022657	AT1G01220.3_796_3669	6	0.99859402513181	0	1	0	max_P_sites	AT1G01220.3_820_3664:AT1G01220:max_P_sites:protein_coding:ORFs_ccds:5343:204.707230895261:321.431288776709	MEVANGACKWVRFISAKHVLMLHAGGDSKRVPWANPMGKVFLPLPYLAADDPDGPVPLLFDHILAIASCARQAFQDQGGLFIMTGDVLPCFDAFKMTLPEDAASIVTVPITLDIASNHGVIVTSKSESLAESYTVSLVNDLLQKPTVEDLVKKDAILHDGRTLLDTGIISARGRAWSDLVALGCSCQPMILELIGSKKEMSLYEDLVAAWVPSRHDWLRTRPLGELLVNSLGRQKMYSYCTYDLQFLHFGTSSEVLDHLSGDASGIVGRRHLCSIPATTVSDIAASSVILSSEIAPGVSIGEDSLIYDSTVSGAVQIGSQSIVVGIHIPSEDLGTPESFRFMLPDRHCLWEVPLVGHKGRVIVYCGLHDNPKNSIHKDGTFCGKPLEKVLFDLGIEESDLWSSYVAQDRCLWNAKLFPILTYSEMLKLASWLMGLDDSRNKEKIKLWRSSQRVSLEELHGSINFPEMCNGSSNHQADLAGGIAKACMNYGMLGRNLSQLCHEILQKESLGLEICKNFLDQCPKFQEQNSKILPKSRAYQVEVDLLRACGDEAKAIELEHKVWGAVAEETASAVRYGFREHLLESSGKSHSENHISHPDRVFQPRRTKVELPVRVDFVGGWSDTPPWSLERAGYVLNMAITLEGSLPIGTIIETTNQMGISIQDDAGNELHIEDPISIKTPFEVNDPFRLVKSALLVTGIVQENFVDSTGLAIKTWANVPRGSGLGTSSILAAAVVKGLLQISNGDESNENIARLVLVLEQLMGTGGGWQDQIGGLYPGIKFTSSFPGIPMRLQVVPLLASPQLISELEQRLLVVFTGQVRLAHQVLHKVVTRYLQRDNLLISSIKRLTELAKSGREALMNCEVDEVGDIMSEAWRLHQELDPYCSNEFVDKLFEFSQPYSSGFKLVGAGGGGFSLILAKDAEKAKELRQRLEEHAEFDVKVYNWSICI
AT1G01220	no_name	AT1G01220.5	protein_coding	3643	+	7	5935	2136	49.488608289871	58.1795223716717	ORFs_ccds	AT1G01220.5_266_638	266	638	919	3522	1_91750_92303	372	638	387	508	0.866141732283465	244	0.295081967213115	4.4002346746298e-07	0.00405753824432862	41.1881571026265	0.898631968200953	AT1G01220.5_919_3522	2	1	0	1	0	max_P_sites	AT1G01220.5_266_638:AT1G01220:max_P_sites:protein_coding:ORFs_ccds:508:73.4054801931457:41.1881571026265	MSKQRKKADLATVLRKSWYHLRLSVRHPTRVPTWDAIVLTAASPEQAELYDWQLRRAKRMGRIASSTVTLAVPDPDGKRIGSGAATLNAIYALARHYEKLGFDLGPEVNIVLTDGSCEWCLQMG
AT1G01220	no_name	AT1G01220.6	protein_coding	3622	+	7	5926	2132	49.7299834345665	58.472114853672	ORFs_ccds	AT1G01220.6_266_842	266	842	900	3503	1_91750_92526	576	1010	449	830	0.875903614457831	318	0.330188679245283	5.82827292100539e-09	0.00169378517488489	57.0746694024949	0.869166680150669	AT1G01220.6_900_3503	2	0.967071039861352	0	1	0	max_P_sites	AT1G01220.6_266_842:AT1G01220:max_P_sites:protein_coding:ORFs_ccds:830:72.5307551892944:57.0746694024949	MSKQRKKADLATVLRKSWYHLRLSVRHPTRVPTWDAIVLTAASPEQAELYDWQLRRAKRMGRIASSTVTLAVPDPDGKRIGSGAATLNAIYALARHYEKLGFDLGPEMEVANGACKWVRFISAKHVLMLHAGGDSKRVPWANPMGKVFLPLPYLAADDPDGPVPLLFDHILAIASCARQAFQDQGDILFLAM
AT1G01430	no_name	AT1G01430.1	protein_coding	2134	-	3	24580	4207	357.955014058107	195.404404873477	ORFs_ccds	AT1G01430.1_288_1656	288	1656	288	1661	1_156955_158535	1368	28318	4531	24388	0.893226176808266	3733	0.379051701044736	5.03534114042592e-16	0.0309743028572402	15402.4544776956	11.1334175187762	AT1G01430.1_288_1661	3	1	0	1	0	max_P_sites	AT1G01430.1_288_1656:AT1G01430:max_P_sites:protein_coding:ORFs_ccds:24388:38531.4588290423:15402.4544776956	MDSLRLISKSIKIEGTPFGSSHQRNQIFLKSVAFFLLIGLAYRFLITNSTVSPVPTVRSSPESLPPDPSGLTAITQTSASVDSPANITTIASQNVSTKCDIFIGNWVPDPSGPIYTNVSCRHIQDYQNCLKNGRPDVNYLRWRWQPRDCDLPRFNPEQFLDNMRNKWLAFIGDSISRNHVQSLLCILSQVEEVEDIFHDKEYKSRIWRFPSYNFTLSVIWSPFLVKAETFENGVPFSDIRVHLDKLDQKWTDQYINFDYVVISGGKWFLKTTIFHENNTVTGCHYCQGKNNMTELGYLYSYRKVLHLVLDFVAEPNHKAQVLFRTTTPDHFENGEWDSGGFCNRTMPFTEGSEGEMKSEDVSMRDIELEEFYKTTTTQQEGSNSNIVLLDTTSMSLLRPDGHPGPYRYPNPFAGLKNKELNQVQNDCLHWCLPGPIDSWNDLMVEVMLNRERQRRE
AT1G01820	no_name	AT1G01820.1	protein_coding	1262	-	8	8940	2198	213.143423137876	172.221077654517	ORFs_ccds	AT1G01820.1_343_1048	343	1048	343	1053	1_296215_297722	705	11694	3371	8631	0.887498551732128	1802	0.382907880133185	3.28633531837417e-13	0.0942640153139287	3976.84915517015	12.7759447915457	AT1G01820.1_343_1053	7	1	0	1	0	max_P_sites	AT1G01820.1_343_1048:AT1G01820:max_P_sites:protein_coding:ORFs_ccds:8631:3381.35831660188:3976.84915517015	MSTLETTRAELGLVVVYLNKAEARDKICRAIQYGSKFLSDGQPGTAQNVDKNTSLARKVFRLFKFVNDLHALISPVPKGTPLPLVLLGKSKNALLSTFLFLDQIVWLGRTGIYKDKERAEILGRISLFCWMGSSVCTSLVEVGELGRLSASIKKLEKEIGNKDKHQNEQYRAKVEKSNERSLALIKAGMDVVVAFGLLQLAPKKVTPRVTGAFGFASSLISCYQLLPSHPKSKMV
AT1G01030	no_name	AT1G01030.1	protein_coding	1905	-	2	464	228	7.63097112860892	11.6236220472441	uORF	AT1G01030.1_409_484	409	484	614	1693	1_13070_13144	75	52	14	45	0.866666666666667	5	NA	0.0019057449150329	NA	3.02344480034658	NA	AT1G01030.1_614_1693	1	1	0	1	0	max_P_sites	AT1G01030.1_409_484:AT1G01030:max_P_sites:protein_coding:uORF:45:27.1635938502122:3.02344480034658	MALKNIRNNSPIEEQEKGLNFIKIH
AT1G01220	no_name	AT1G01220.2	protein_coding	3862	+	6	5938	2140	46.7107716209218	55.0095805282237	uORF	AT1G01220.2_144_249	144	249	1133	3736	1_91485_91591	105	76	106	69	0.753623188405797	52	0.461538461538462	0.000149001553339876	0.534123229169351	2.44877852537845	1.09936230160586	AT1G01220.2_1133_3736	1	1	0.0188679	1	0	max_P_sites	AT1G01220.2_144_249:AT1G01220:max_P_sites:protein_coding:uORF:69:117.860892588613:2.44877852537845	MYSASFCLLKSFCIRYNFGMLCKVLIFEVKQIDLV
AT1G01430	no_name	AT1G01430.1	protein_coding	2134	-	3	24580	4207	357.955014058107	195.404404873477	uORF	AT1G01430.1_186_234	186	234	288	1661	1_158590_158637	48	106	194	79	0.734177215189873	51	0.352941176470588	0.000538134421310585	0.702505520147452	7.49303959874991	6.40675738004859	AT1G01430.1_288_1661	1	1	0	1	0	max_P_sites	AT1G01430.1_186_234:AT1G01430:max_P_sites:protein_coding:uORF:79:38531.4588290423:7.49303959874991	MMKFLAFNANQKPPES
AT1G01820	no_name	AT1G01820.1	protein_coding	1262	-	8	8940	2198	213.143423137876	172.221077654517	uORF	AT1G01820.1_229_331	229	331	343	1053	1_297735_298105	102	505	522	289	0.660899653979239	239	0.230125523012552	0.000143388354741399	0.179686284867807	27.347095004416	13.3710873398622	AT1G01820.1_343_1053	2	1	0	1	0	max_P_sites	AT1G01820.1_229_331:AT1G01820:max_P_sites:protein_coding:uORF:289:3381.35831660188:27.347095004416	MSLIALIGEGLLCFSGELCLSSPSSYENIRKGFL
